{"file:///c%3A/Users/alik5/workspace/GUI/GUI27_SA_S29379/bin/VODTest.class":{"language":"Java","code":66,"comment":0,"blank":0},"file:///c%3A/Users/alik5/workspace/GUI/GUI27_SA_S29379/bin/Programy/Program.class":{"language":"Java","code":40,"comment":0,"blank":0},"file:///c%3A/Users/alik5/workspace/GUI/GUI27_SA_S29379/bin/Programy/Gatunki/Komedia.class":{"language":"Java","code":6,"comment":0,"blank":0},"file:///c%3A/Users/alik5/workspace/GUI/GUI27_SA_S29379/bin/Programy/Gatunki/Obyczaj.class":{"language":"Java","code":6,"comment":0,"blank":0},"file:///c%3A/Users/alik5/workspace/GUI/GUI27_SA_S29379/bin/Klient/Koszyk.class":{"language":"Java","code":10,"comment":0,"blank":0},"file:///c%3A/Users/alik5/workspace/GUI/GUI27_SA_S29379/bin/Cennik/Cennik.class":{"language":"Java","code":33,"comment":0,"blank":0},"file:///c%3A/Users/alik5/workspace/GUI/GUI27_SA_S29379/bin/Programy/Gatunki/Dramat.class":{"language":"Java","code":6,"comment":0,"blank":0},"file:///c%3A/Users/alik5/workspace/GUI/GUI27_SA_S29379/bin/Klient/Klient.class":{"language":"Java","code":48,"comment":0,"blank":0},"file:///c%3A/Users/alik5/workspace/GUI/GUI27_SA_S29379/bin/Klient/ListaZyczen.class":{"language":"Java","code":28,"comment":0,"blank":1},"file:///c%3A/Users/alik5/workspace/GUI/GUI27_SA_S29379/bin/Programy/Gatunki/Sensacja.class":{"language":"Java","code":7,"comment":0,"blank":0},"file:///c%3A/Users/alik5/workspace/GUI/GUI27_SA_S29379/src/VODTest.java":{"language":"Java","code":47,"comment":39,"blank":30},"file:///c%3A/Users/alik5/workspace/GUI/GUI27_SA_S29379/src/Klient/Koszyk.java":{"language":"Java","code":6,"comment":1,"blank":1},"file:///c%3A/Users/alik5/workspace/GUI/GUI27_SA_S29379/src/Programy/Program.java":{"language":"Java","code":69,"comment":12,"blank":20},"file:///c%3A/Users/alik5/workspace/GUI/GUI27_SA_S29379/src/Klient/Klient.java":{"language":"Java","code":92,"comment":18,"blank":22},"file:///c%3A/Users/alik5/workspace/GUI/GUI27_SA_S29379/src/Klient/ListaZyczen.java":{"language":"Java","code":42,"comment":6,"blank":13},"file:///c%3A/Users/alik5/workspace/GUI/GUI27_SA_S29379/src/Cennik/CennikItem.java":{"language":"Java","code":41,"comment":3,"blank":11},"file:///c%3A/Users/alik5/workspace/GUI/GUI27_SA_S29379/src/Cennik/Cennik.java":{"language":"Java","code":40,"comment":8,"blank":13},"file:///c%3A/Users/alik5/workspace/GUI/GUI27_SA_S29379/src/Programy/Gatunki/Sensacja.java":{"language":"Java","code":7,"comment":0,"blank":2},"file:///c%3A/Users/alik5/workspace/GUI/GUI27_SA_S29379/src/Programy/Gatunki/Obyczaj.java":{"language":"Java","code":7,"comment":0,"blank":2},"file:///c%3A/Users/alik5/workspace/GUI/GUI27_SA_S29379/src/Programy/Gatunki/Komedia.java":{"language":"Java","code":7,"comment":0,"blank":2},"file:///c%3A/Users/alik5/workspace/GUI/GUI27_SA_S29379/src/Programy/Gatunki/Dramat.java":{"language":"Java","code":7,"comment":0,"blank":2},"file:///c%3A/Users/alik5/workspace/GUI/GUI27_SA_S29379/README.md":{"language":"Markdown","code":10,"comment":0,"blank":9},"file:///c%3A/Users/alik5/workspace/GUI/GUI27_SA_S29379/bin/Cennik/CennikItem.class":{"language":"Java","code":15,"comment":0,"blank":0}}