{"file:///c%3A/Users/alik5/workspace/GUI/GUI27_SA_S29379/src/VODTest.java":{"language":"Java","code":44,"comment":39,"blank":31},"file:///c%3A/Users/alik5/workspace/GUI/GUI27_SA_S29379/bin/Dane/Klient.class":{"language":"Java","code":13,"comment":0,"blank":0},"file:///c%3A/Users/alik5/workspace/GUI/GUI27_SA_S29379/bin/VODTest.class":{"language":"Java","code":31,"comment":0,"blank":1},"file:///c%3A/Users/alik5/workspace/GUI/GUI27_SA_S29379/bin/Gatunki/Dramat.class":{"language":"Java","code":6,"comment":0,"blank":0},"file:///c%3A/Users/alik5/workspace/GUI/GUI27_SA_S29379/bin/Dane/Program.class":{"language":"Java","code":10,"comment":0,"blank":0},"file:///c%3A/Users/alik5/workspace/GUI/GUI27_SA_S29379/bin/Dane/ListaZyczen.class":{"language":"Java","code":5,"comment":0,"blank":0},"file:///c%3A/Users/alik5/workspace/GUI/GUI27_SA_S29379/bin/Dane/Koszyk.class":{"language":"Java","code":14,"comment":0,"blank":0},"file:///c%3A/Users/alik5/workspace/GUI/GUI27_SA_S29379/src/Gatunki/Dramat.java":{"language":"Java","code":7,"comment":0,"blank":2},"file:///c%3A/Users/alik5/workspace/GUI/GUI27_SA_S29379/src/Dane/Program.java":{"language":"Java","code":29,"comment":0,"blank":10},"file:///c%3A/Users/alik5/workspace/GUI/GUI27_SA_S29379/bin/Dane/Programy.class":{"language":"Java","code":13,"comment":0,"blank":0},"file:///c%3A/Users/alik5/workspace/GUI/GUI27_SA_S29379/src/Dane/Programy.java":{"language":"Java","code":17,"comment":0,"blank":7},"file:///c%3A/Users/alik5/workspace/GUI/GUI27_SA_S29379/src/Cennik/Cennik.java":{"language":"Java","code":35,"comment":0,"blank":13},"file:///c%3A/Users/alik5/workspace/GUI/GUI27_SA_S29379/src/Dane/ListaZyczen.java":{"language":"Java","code":3,"comment":0,"blank":3},"file:///c%3A/Users/alik5/workspace/GUI/GUI27_SA_S29379/src/Dane/Koszyk.java":{"language":"Java","code":9,"comment":0,"blank":2},"file:///c%3A/Users/alik5/workspace/GUI/GUI27_SA_S29379/src/Dane/Klient.java":{"language":"Java","code":16,"comment":0,"blank":5},"file:///c%3A/Users/alik5/workspace/GUI/GUI27_SA_S29379/README.md":{"language":"Markdown","code":10,"comment":0,"blank":9},"file:///c%3A/Users/alik5/workspace/GUI/GUI27_SA_S29379/src/Cennik/CennikItem.java":{"language":"Java","code":36,"comment":0,"blank":9},"file:///c%3A/Users/alik5/workspace/GUI/GUI27_SA_S29379/bin/Cennik/Cennik.class":{"language":"Java","code":27,"comment":0,"blank":0},"file:///c%3A/Users/alik5/workspace/GUI/GUI27_SA_S29379/bin/Cennik/CennikItem.class":{"language":"Java","code":9,"comment":0,"blank":0}}